<?xml version="1.0" encoding="UTF-8"?>
<project-private xmlns="http://www.netbeans.org/ns/project-private/1">
    <editor-bookmarks xmlns="http://www.netbeans.org/ns/editor-bookmarks/2" lastBookmarkId="0"/>
    <open-files xmlns="http://www.netbeans.org/ns/projectui-open-files/2">
        <group>
            <file>file:/C:/Users/Lenovo/Desktop/PROGRAMACION/java/Sistema/src/presentacion/FrmPrincipal.java</file>
            <file>file:/C:/Users/Lenovo/Desktop/PROGRAMACION/java/Sistema/src/negocio/CategoriaControl.java</file>
            <file>file:/C:/Users/Lenovo/Desktop/PROGRAMACION/java/Sistema/src/datos/CategoriaDao.java</file>
            <file>file:/C:/Users/Lenovo/Desktop/PROGRAMACION/java/Sistema/src/presentacion/FrmCategoria.java</file>
            <file>file:/C:/Users/Lenovo/Desktop/PROGRAMACION/java/Sistema/src/datos/interfaces/CrudPaginadoInterface.java</file>
        </group>
    </open-files>
</project-private>
